2+3×4	1.4000000000000000e+1
(2+3)×4	2.0000000000000000e+1
2×3+4	1.0000000000000000e+1
1−2−3	-4.0000000000000000e+0
100÷10÷2	5.0000000000000000e+0
12÷4−1	2.0000000000000000e+0
2×(3+(4−1))	1.2000000000000000e+1
−5+2	-3.0000000000000000e+0
(−5)×2	-1.0000000000000000e+1
2×−3	-6.0000000000000000e+0
−−5	5.0000000000000000e+0
+7	7.0000000000000000e+0
50%	5.0000000000000000e-1
200×10%	2.0000000000000000e+1
200+10%	2.0009999999999999e+2
50%%	5.0000000000000001e-3
(2+3)%	5.0000000000000003e-2
0.1+0.2	3.0000000000000004e-1
1÷3	3.3333333333333331e-1
2÷3	6.6666666666666663e-1
1234567×1000	1.2345670000000000e+9
123456789×987654321	1.2193263111263526e+17
0−0	0.0000000000000000e+0
1e+21×1	1.0000000000000000e+21
1e-7÷1	9.9999999999999995e-8
.5+.5	1.0000000000000000e+0
7.	7.0000000000000000e+0
0.000001×1	9.9999999999999995e-7
1÷0	ERROR
0÷0	ERROR
1+	ERROR
(	ERROR
(1+2	ERROR
)	ERROR
1÷(2−2)	ERROR
2+×3	ERROR
1+2)	ERROR
abc	ERROR
1e309×1	ERROR
1e308×10	ERROR
−1e308×10	ERROR
1000000×1000000	1.0000000000000000e+12
(1+2)×(3+4)−5÷5	2.0000000000000000e+1
2−3×(4−5)	5.0000000000000000e+0
100%÷4	2.5000000000000000e-1
(((1)))	1.0000000000000000e+0
−(3+4)	-7.0000000000000000e+0
3−−4	7.0000000000000000e+0
3+−4	-1.0000000000000000e+0
1.5×2.5	3.7500000000000000e+0
9007199254740993+0	9.0071992547409920e+15
0.1×3	3.0000000000000004e-1
